N,d,sigma,weight_decay,e_in_mean,e_out_mean,e_bias
2,0,0.01,0.0,0.23065479955473722,0.8004375541495868,0.4838984700531394
2,0,0.01,0.1,0.2459270650359128,0.7916430809202539,0.5072407648732514
2,0,0.1,0.0,0.2615741710609241,0.79733799809448,0.5156267703155764
2,0,0.1,0.1,0.25890435256985567,0.7805224806204889,0.5643629356001256
2,0,1,0.0,0.5848632227492058,2.357038722280474,1.441748445338949
2,0,1,0.1,0.5662936838783363,2.005875190139075,1.5727095413825682
2,1,0.01,0.0,0.00796180309791074,1.9394551607847383,0.8045838095419131
2,1,0.01,0.1,0.09459679682056651,0.857209592375854,0.5496829769842775
2,1,0.1,0.0,0.006089284140311613,2.084345477579169,0.9782647153643782
2,1,0.1,0.1,0.06240959734213477,0.9160621369188193,0.6273084151816108
2,1,1,0.0,0.033705175316732706,4.679724877857374,1.6039131724912878
2,1,1,0.1,0.16751376152705158,2.6626114912846957,1.605565867314981
2,2,0.01,0.0,0.0038649576017310444,2.0707988684461114,0.7782744296467098
2,2,0.01,0.1,0.03734092712820804,0.88735986989869,0.5011381080954026
2,2,0.1,0.0,0.005019253921414288,2.393052453947102,0.8117815331009604
2,2,0.1,0.1,0.04840388093503949,1.0445250472364083,0.5631463116228336
2,2,1,0.0,0.007705054391636303,7.088647729472624,2.5948877038539173
2,2,1,0.1,0.12038374850769977,3.6457639509508057,1.6962963769899715
2,3,0.01,0.0,0.0012717814911890827,1.6534684022439727,0.5299055901718837
2,3,0.01,0.1,0.04082181835317499,1.1491008758437262,0.5741009928328378
2,3,0.1,0.0,0.0013829420325008781,2.76891847519627,1.07122478920907
2,3,0.1,0.1,0.0319627404429681,1.1094149302791512,0.6960425800423397
2,3,1,0.0,0.004499943117504263,5.1545127926927865,1.5447541086495649
2,3,1,0.1,0.11451320579718163,3.5769798541006876,1.6384874290626747
2,4,0.01,0.0,0.002522050379531228,2.271048091772235,0.8410953001947878
2,4,0.01,0.1,0.03343910019578027,1.0527663533237515,0.5553379846518737
2,4,0.1,0.0,0.001103234145765728,1.4418982549536152,0.6200210394664618
2,4,0.1,0.1,0.029151017248145155,1.1331516259556376,0.46737581186201543
2,4,1,0.0,0.07138918085657726,7.307698260868543,2.3007849518996
2,4,1,0.1,0.23979239580175365,2.7139257934393735,1.5789581272433257
2,5,0.01,0.0,0.0002501546454063505,1.78986575867792,0.692956521561316
2,5,0.01,0.1,0.028458314994917695,1.2771277744674272,0.6536768189274923
2,5,0.1,0.0,0.002666232953947468,1.7093281514567422,0.6035279116014736
2,5,0.1,0.1,0.04213423610578177,1.3338648257923316,0.7779669511364009
2,5,1,0.0,0.029035352939118343,7.496717463310274,2.0952314795448865
2,5,1,0.1,0.07022270439719405,3.093377020784349,1.4611352201329064
2,6,0.01,0.0,0.004902587326619816,2.125705211688996,1.0404723340753599
2,6,0.01,0.1,0.01379579074824466,0.9291322105033366,0.4964243381109064
2,6,0.1,0.0,0.001455710582188689,1.7096032458495123,0.5442334995352063
2,6,0.1,0.1,0.04616390529289475,1.368614449036723,0.6429775970176677
2,6,1,0.0,0.03485895025054583,5.784933268444971,1.494827939189277
2,6,1,0.1,0.06254208709860813,2.6297080084127282,1.572252015597553
2,7,0.01,0.0,0.0006307530050620741,1.986178923215352,0.5196599990468956
2,7,0.01,0.1,0.02892153765618406,1.364178302741868,0.5610104348657204
2,7,0.1,0.0,0.004389498879269288,2.6424033676571788,1.177288065239733
2,7,0.1,0.1,0.038757303195678064,1.5052550048176587,0.9572645666188828
2,7,1,0.0,0.014574627352245009,8.240198091614122,2.968958880648593
2,7,1,0.1,0.040536322706822184,3.329511063134863,1.460086666627967
2,8,0.01,0.0,0.0009687214015485281,1.8685318834567295,0.689093913242066
2,8,0.01,0.1,0.017299681717629748,1.0046204353152821,0.5795776057744356
2,8,0.1,0.0,0.005211919880029224,1.3503920998702594,0.36316198435337965
2,8,0.1,0.1,0.020357980934442528,1.121581666791749,0.5129929429002656
2,8,1,0.0,0.01604740128487914,7.27734176790478,2.336444899178633
2,8,1,0.1,0.0986132160477222,2.9095426872040093,1.3316342143985143
2,9,0.01,0.0,0.0017347008340066344,1.6096041600702478,0.5931696799469994
2,9,0.01,0.1,0.03476362486302516,1.4510910758185056,0.6144111374576694
2,9,0.1,0.0,0.001183913603668414,2.1064549338678673,0.5937520535553306
2,9,0.1,0.1,0.027082509944997744,1.0639774855184894,0.4228048394790293
2,9,1,0.0,0.13497859917426694,5.166448919207946,1.7525155703406838
2,9,1,0.1,0.17562477154918882,3.5655385417142162,1.8067361765981151
2,10,0.01,0.0,0.0004499971618377635,2.3809405694331955,0.6986151823693155
2,10,0.01,0.1,0.01941171620476638,0.9337037335318085,0.4695443819099292
2,10,0.1,0.0,0.0019035819689068117,2.6377594832485345,0.8311456433007154
2,10,0.1,0.1,0.024945764429100896,0.8646388015275441,0.4327624274629759
2,10,1,0.0,4.041025683947611e-05,3.760541917054018,1.3700708258996495
2,10,1,0.1,0.06090343869635808,3.2761303615387853,1.3521261846416466
2,11,0.01,0.0,0.0013613756942729455,1.8977595590308194,0.7346327832113818
2,11,0.01,0.1,0.02579317642727798,0.9863477385669333,0.49464517608028336
2,11,0.1,0.0,0.0003145736060873487,2.778052043018156,0.5627591181748391
2,11,0.1,0.1,0.02900867089517129,1.2591390025281974,0.5629084365524808
2,11,1,0.0,0.003816595695798573,6.78112178940256,1.6513471134398616
2,11,1,0.1,0.07537172935641302,3.683646705189858,1.4626110977478233
2,12,0.01,0.0,0.0027412326227198706,1.6803404372620943,0.4831993771086217
2,12,0.01,0.1,0.0316174341618317,0.9720721436276107,0.5047098538572696
2,12,0.1,0.0,0.001818372833561956,2.3635914106317513,0.4378763357149039
2,12,0.1,0.1,0.03129249536351239,1.425126864773191,0.5864508835346119
2,12,1,0.0,0.024638010318159743,9.228501219612998,1.427980126489907
2,12,1,0.1,0.13861832412707506,3.225865286112544,1.6115084518656433
2,13,0.01,0.0,0.0002335023926947597,3.424038872375713,1.0048111957362766
2,13,0.01,0.1,0.03048485843974439,1.0066290123424237,0.5362332649130435
2,13,0.1,0.0,0.0020338548382518944,2.480669215424146,0.9599679962261689
2,13,0.1,0.1,0.05464553017214422,1.1658201748532553,0.7254629276698088
2,13,1,0.0,0.08210556711918562,9.830088560920233,1.981539654379513
2,13,1,0.1,0.06844851493947872,3.2363233136178122,1.5238602215987962
2,14,0.01,0.0,0.001751719464987283,1.7954000797688046,0.4890022930482578
2,14,0.01,0.1,0.044576212903612876,1.364041902297926,0.8421642695148173
2,14,0.1,0.0,0.001315545280711715,2.7637043347783554,0.841644752732784
2,14,0.1,0.1,0.024702476273786775,1.3957943473640362,0.5695067966991348
2,14,1,0.0,0.03402267793008828,22.41659433594956,3.2082039440297443
2,14,1,0.1,0.11040369284073244,4.767257569537486,2.403324114402766
2,15,0.01,0.0,0.0457825526073007,1.625045652532594,0.3439606814989155
2,15,0.01,0.1,0.030230795363385483,1.4281288683238027,0.704107802058144
2,15,0.1,0.0,0.0015800399391066096,3.424842781759345,1.2753715724957606
2,15,0.1,0.1,0.03727217857592015,1.433623197432679,0.6778400046358586
2,15,1,0.0,0.16295569355711864,11.846427316373092,3.691831184797581
2,15,1,0.1,0.18638705148502846,5.141216997106654,2.0919440766146726
2,16,0.01,0.0,0.000600758098291488,1.947648317553405,0.7309826669462451
2,16,0.01,0.1,0.004603415000742376,0.7553217159919638,0.39989602368348265
2,16,0.1,0.0,0.0017274201161677119,3.795684320178234,1.8806158795871128
2,16,0.1,0.1,0.035280519976172174,1.5738835114792298,0.8883625930981376
2,16,1,0.0,0.11697044290677275,20.360125274295694,2.649977341107533
2,16,1,0.1,0.11781158373799179,3.1670002552321903,1.532897742078822
2,17,0.01,0.0,0.0026076337814698804,2.2474529554196065,0.8858759334386991
2,17,0.01,0.1,0.020182553751844984,1.1580439792337294,0.5246221820804586
2,17,0.1,0.0,0.0052449572213426904,2.8659989970446,0.735659796164914
2,17,0.1,0.1,0.051880437659361754,1.171041482384452,0.47031993813361445
2,17,1,0.0,0.16452985956384183,4.917884367148131,1.3831243855524777
2,17,1,0.1,0.09278684365807746,3.9064739390452146,2.0391838320169544
2,18,0.01,0.0,0.0005264834642880811,1.9474854126160515,0.4361290074610822
2,18,0.01,0.1,0.03336620445822274,1.2466515666498916,0.47516829152168233
2,18,0.1,0.0,2.6733468975042336e-05,2.4482875604127288,0.551269390709175
2,18,0.1,0.1,0.021433936696939587,1.0354379578896018,0.4738914218119411
2,18,1,0.0,0.1013178803886267,8.745153212339426,1.6129852940265792
2,18,1,0.1,0.07560277375918911,2.818885762310335,1.4892966338544542
2,19,0.01,0.0,0.03067875280083777,2.795027703628304,0.6271705329347512
2,19,0.01,0.1,0.04716311109132514,1.55828801735806,0.9932888286101009
2,19,0.1,0.0,0.0020001057483429643,3.413936235720994,1.4943831969399446
2,19,0.1,0.1,0.03094326888134601,1.137090576275288,0.5551185496792186
2,19,1,0.0,0.07129640472716951,6.761801295140193,1.8719092902379797
2,19,1,0.1,0.08504819752650447,3.26275411833263,1.3985313053804438
2,20,0.01,0.0,0.035758899843436866,1.951842270546019,0.5556482279437059
2,20,0.01,0.1,0.062322632689880274,1.0513736929637445,0.5707549463773935
2,20,0.1,0.0,0.0005215234430493265,2.8989681640645633,0.9108274568246731
2,20,0.1,0.1,0.023638761810162067,1.0650330813586408,0.4213890657269866
2,20,1,0.0,0.030812635256186993,6.71803471371827,1.875637210801377
2,20,1,0.1,0.1707968235030378,2.7790852863799436,1.5092846277428773
5,0,0.01,0.0,0.37738838132410074,0.6693740246233884,0.4991176720385405
5,0,0.01,0.1,0.35635783191594533,0.6103728278999566,0.5085174361231765
5,0,0.1,0.0,0.46874583437400374,0.5863993007832523,0.5271948951842717
5,0,0.1,0.1,0.4472729302228333,0.5970029411957902,0.5187782593225586
5,0,1,0.0,1.0466266919711074,1.7435894301263055,1.5919763241607274
5,0,1,0.1,1.1619222882748332,1.7835797064591987,1.4982829333228378
5,1,0.01,0.0,0.279537907991639,1.1190924883694229,0.559601603675307
5,1,0.01,0.1,0.22651277604109335,0.8878333028441349,0.5441995618449599
5,1,0.1,0.0,0.22700909739352926,1.2711131241033138,0.6198888171147466
5,1,0.1,0.1,0.20541696729345665,0.8540304510054915,0.5016651890662486
5,1,1,0.0,0.8458882598623662,3.0304357033130978,1.6807715751345984
5,1,1,0.1,0.841858621725191,2.3546718424753728,1.5448596899156934
5,2,0.01,0.0,0.111174705918096,0.9647523812321659,0.3446782280315715
5,2,0.01,0.1,0.22088649737188773,0.8792078441482107,0.51257339395279
5,2,0.1,0.0,0.11463848465555512,1.3527432850016807,0.4089751092606401
5,2,0.1,0.1,0.19657897990471507,0.7133237272080241,0.44910619243466454
5,2,1,0.0,0.5376269646259608,2.2954530915484503,1.556225461631975
5,2,1,0.1,0.7618770222889055,2.156958472087305,1.4014984810099336
5,3,0.01,0.0,0.06227406496613169,0.4321612535015098,0.1472949638119939
5,3,0.01,0.1,0.12186339362441637,0.9070608373011388,0.4157239279451785
5,3,0.1,0.0,0.06529377724949345,0.7738808018290945,0.24343235091218754
5,3,0.1,0.1,0.1327069826587834,1.1091827776467635,0.46452125679539163
5,3,1,0.0,0.46563448515989425,3.416176866010234,1.1677471797186272
5,3,1,0.1,0.6377417838685435,2.4760105600923175,1.5054752665851447
5,4,0.01,0.0,0.05811707530953565,0.6942084519198537,0.16492119976657607
5,4,0.01,0.1,0.09926999491255481,0.646795410934623,0.27636145977244225
5,4,0.1,0.0,0.05754018510675167,0.569031368668168,0.18902303603596513
5,4,0.1,0.1,0.09330553259581784,0.9949625636590606,0.390550760694652
5,4,1,0.0,0.5679421893324929,2.6954481017510306,1.4785598087557976
5,4,1,0.1,0.595364034864984,2.5851442275093617,1.4757160325002656
5,5,0.01,0.0,0.028290073369953827,1.5405602074171505,0.3668113141188353
5,5,0.01,0.1,0.07684894328106445,1.1314549944151795,0.43610481833523906
5,5,0.1,0.0,0.047771020230614365,0.5469845039455967,0.1471523707479156
5,5,0.1,0.1,0.10555190405905421,0.6271828403154787,0.24505907074414893
5,5,1,0.0,0.4872028325804452,2.5927924750482934,1.12355161127153
5,5,1,0.1,0.6161026975346455,2.859918534448263,1.3027121460104119
5,6,0.01,0.0,0.039495402552299705,1.036888045823042,0.1817490814705163
5,6,0.01,0.1,0.06091375018276325,0.8062643303067031,0.34752682803614293
5,6,0.1,0.0,0.037656437930246436,0.6383372292469489,0.21923816703213117
5,6,0.1,0.1,0.08815245568921273,0.4800045556415841,0.22834117336164672
5,6,1,0.0,0.6241423209868912,2.5661362829462813,1.3098799485705306
5,6,1,0.1,0.40273039050761544,2.6387041308023713,1.3206060730974691
5,7,0.01,0.0,0.03014476753641738,0.9156353371577504,0.16764637901011237
5,7,0.01,0.1,0.06507668297942494,0.7636642586667877,0.2369088110130837
5,7,0.1,0.0,0.04341980398450498,0.7110636008794653,0.1710896822618327
5,7,0.1,0.1,0.0850662068862014,0.5013816822276562,0.24124170283971036
5,7,1,0.0,0.4994257775314564,2.9475762367830436,1.1796678057621537
5,7,1,0.1,0.6150833519810993,2.7935274749432395,1.3684104640836778
5,8,0.01,0.0,0.03828840673449656,0.8236715264200429,0.16551981778869243
5,8,0.01,0.1,0.07550516894541537,0.6941578527249403,0.2227081780828024
5,8,0.1,0.0,0.03676957795913507,0.7131539724147442,0.18658006128680746
5,8,0.1,0.1,0.07080213937671036,0.46892526859925254,0.23973318261330342
5,8,1,0.0,0.42990630148590236,4.012921943768826,1.300080777315562
5,8,1,0.1,0.5843243253361096,2.8464899418150726,1.2592561684163346
5,9,0.01,0.0,0.029314831632925403,0.6029205210596351,0.22262543511624408
5,9,0.01,0.1,0.058840894585165934,0.7537822738363907,0.259572172601017
5,9,0.1,0.0,0.05105905956224025,1.0282161406635697,0.2546648244839398
5,9,0.1,0.1,0.08266033730799614,0.7008186158604384,0.2547717207118811
5,9,1,0.0,0.3951332649641327,3.229936129737454,1.27020969946738
5,9,1,0.1,0.4105419597144057,3.002165957764913,1.2936689300536712
5,10,0.01,0.0,0.03666669992294825,0.7844746133178823,0.22655207806962027
5,10,0.01,0.1,0.09502234483253477,0.6408812477222608,0.20944465413644037
5,10,0.1,0.0,0.04106724004292708,0.7600538891819169,0.21496292916065624
5,10,0.1,0.1,0.10073223666138176,0.6547483587508078,0.22552186678896669
5,10,1,0.0,0.4040061375255083,4.192615524382953,1.1520095692283783
5,10,1,0.1,0.5706643483826099,2.175696024055283,1.3143579583661267
5,11,0.01,0.0,0.033062831535446986,0.5924780395463287,0.24871875368053356
5,11,0.01,0.1,0.0811310052191986,0.5802976891077839,0.21892769677990942
5,11,0.1,0.0,0.0393578266187709,0.684551893029995,0.20836774672439565
5,11,0.1,0.1,0.08732905174944486,0.7430367978151649,0.28339490906462833
5,11,1,0.0,0.37110887020389693,3.467189470146792,1.5331700265651984
5,11,1,0.1,0.36185459445523244,2.2500762532179897,1.3302802953214292
5,12,0.01,0.0,0.037834768427779095,0.581947670500124,0.161647840371883
5,12,0.01,0.1,0.08578907068802247,0.5660558572104882,0.22589416098874784
5,12,0.1,0.0,0.044828380010493586,0.6732754758818646,0.2691441343315865
5,12,0.1,0.1,0.07347343539142089,0.643833753656296,0.2450199266605274
5,12,1,0.0,0.548978799553606,3.6882976101677074,1.3300954060269203
5,12,1,0.1,0.6021725045091848,2.795369367735394,1.3660130311641
5,13,0.01,0.0,0.03088434922982041,0.6957953054533088,0.24206712267038696
5,13,0.01,0.1,0.07346104844314198,0.6845053798660208,0.23446296287072427
5,13,0.1,0.0,0.032739182904176316,1.9952073346497845,0.29306859001644714
5,13,0.1,0.1,0.07881294923761227,0.6948710415699824,0.25243727631364354
5,13,1,0.0,0.48137633630765597,4.680685350518853,1.5238909246501342
5,13,1,0.1,0.5655409090983139,2.083766536701522,1.265786368739498
5,14,0.01,0.0,0.03428974934450755,0.9484058035902972,0.1929083091185098
5,14,0.01,0.1,0.04840301036218362,0.7469321013245672,0.2839627529223645
5,14,0.1,0.0,0.02007461433165527,1.168813127234346,0.25352589774655154
5,14,0.1,0.1,0.06816544776042231,0.509433176561317,0.2477031495766559
5,14,1,0.0,0.3997636090396482,7.689910460845686,1.381380005509452
5,14,1,0.1,0.5464829909670884,3.253265725434683,1.238411957986135
5,15,0.01,0.0,0.045245820226892566,1.240941734249529,0.1659019426294319
5,15,0.01,0.1,0.06963697316930686,0.5966747486957756,0.25101120400759047
5,15,0.1,0.0,0.035883687591494184,0.7412602905293733,0.21927080269001237
5,15,0.1,0.1,0.09477901577469341,0.7826234414333892,0.2318064234315612
5,15,1,0.0,0.42597799938866154,3.78154659601883,1.470888980128312
5,15,1,0.1,0.4344869331663205,2.6080627658804723,1.2347228566686959
5,16,0.01,0.0,0.035016119532621105,1.2797506101357488,0.18542081641853447
5,16,0.01,0.1,0.08643802308078133,0.7164240739765362,0.2139914830883998
5,16,0.1,0.0,0.04545070450453911,1.3175610422230513,0.1905956897617251
5,16,0.1,0.1,0.07452896977546652,0.6226390047689572,0.2577141769902178
5,16,1,0.0,0.39930369056320353,3.280729426215185,1.1796341098560001
5,16,1,0.1,0.5039652305711836,3.5332667557840467,1.2359303906462122
5,17,0.01,0.0,0.026009408740548995,0.8644198916942523,0.2431292526564731
5,17,0.01,0.1,0.06529662751464313,0.9128720953700288,0.26307715378082974
5,17,0.1,0.0,0.027845513644169862,0.8874932440442335,0.3547590178452773
5,17,0.1,0.1,0.06406774569935277,1.388273119495936,0.4502262391255431
5,17,1,0.0,0.371825372819243,3.764638861382442,1.2802745312779225
5,17,1,0.1,0.4641005500883345,2.855719178240971,1.3665183474845595
5,18,0.01,0.0,0.025041116740875315,1.3995443886812686,0.2492179863122638
5,18,0.01,0.1,0.08469850062087056,0.6460546682986209,0.20463549834950168
5,18,0.1,0.0,0.029786890354171168,1.561402669474822,0.2650029201966562
5,18,0.1,0.1,0.09563274859017097,0.7133841007179057,0.28716705160250855
5,18,1,0.0,0.31865450771077974,5.068264752865302,1.1278641073338345
5,18,1,0.1,0.4182896402460602,2.222564147195741,1.2248295093056987
5,19,0.01,0.0,0.03843088726491581,1.4167130655041427,0.26441182292650206
5,19,0.01,0.1,0.053141717389294074,0.8382809266794482,0.2858675494389452
5,19,0.1,0.0,0.03755419012830555,0.9161241160385322,0.39697295158929086
5,19,0.1,0.1,0.07478674502674508,0.5391443329569575,0.2581475539771088
5,19,1,0.0,0.4483504349404493,5.3553443601757955,1.3260338099523032
5,19,1,0.1,0.469829709173428,3.4857755816515796,1.3699201328991497
5,20,0.01,0.0,0.03617501944787889,1.1230537034104875,0.2541388257108626
5,20,0.01,0.1,0.07249768421999978,0.5374962340160453,0.24098477245058886
5,20,0.1,0.0,0.03614141152408305,0.6593965880211189,0.1987667395716149
5,20,0.1,0.1,0.0649562924058744,0.7457010927136486,0.29811977751473107
5,20,1,0.0,0.2794405623748134,5.163233896777354,1.2960220251807595
5,20,1,0.1,0.5847047950019386,3.3638363295874427,1.4038304919162587
10,0,0.01,0.0,0.42809110979853154,0.5758969090082572,0.5019032333922223
10,0,0.01,0.1,0.4723207793867026,0.5232014814371977,0.48712067834568873
10,0,0.1,0.0,0.47704034962911973,0.5482152633567201,0.5165414458266793
10,0,0.1,0.1,0.4388199391177804,0.5730821067335763,0.5203173608120053
10,0,1,0.0,1.352570264942841,1.596198624074753,1.4076623942189408
10,0,1,0.1,1.239865448330514,1.6724597158898724,1.6001759484407345
10,1,0.01,0.0,0.44178685765047543,0.6327877500774463,0.5149759829661071
10,1,0.01,0.1,0.2638725434907341,0.95516383973589,0.5992199753843652
10,1,0.1,0.0,0.3815932892095724,0.6678805913136564,0.49985782738654405
10,1,0.1,0.1,0.3897607697791537,0.6215127423778405,0.5242449307628744
10,1,1,0.0,1.037793341628387,1.8485062274106738,1.4813573112119263
10,1,1,0.1,1.0786349095200631,2.1119221705476527,1.4261484053876252
10,2,0.01,0.0,0.18441455312351207,0.41372767148458467,0.2783112512526253
10,2,0.01,0.1,0.22369252396891745,0.46472543778915976,0.3412513089690394
10,2,0.1,0.0,0.18184106799156816,0.29017222639984486,0.24727417330025397
10,2,0.1,0.1,0.24021776948104612,0.4259426821967806,0.3361289132800061
10,2,1,0.0,1.0985095020257636,1.5575067933181845,1.2796371287953907
10,2,1,0.1,1.0937597515018644,1.5979773519224045,1.43162280302488
10,3,0.01,0.0,0.07169285535579985,0.18520341226510773,0.12438642789646025
10,3,0.01,0.1,0.13317121584449185,0.3557365534175896,0.19277920188037018
10,3,0.1,0.0,0.08675212983660248,0.17257096766190982,0.1159252594570564
10,3,0.1,0.1,0.14169060971049866,0.3384938348357819,0.21752185222613798
10,3,1,0.0,0.9635242901630232,1.5757904919077679,1.1353458879411442
10,3,1,0.1,0.9156407172985876,1.698377320868261,1.145885294361366
10,4,0.01,0.0,0.061071148426142974,0.29972724443548726,0.10609551258510262
10,4,0.01,0.1,0.10041291224962738,0.1498584912601449,0.12331112140449449
10,4,0.1,0.0,0.05970053421553686,0.14442190884507813,0.10755575495116484
10,4,0.1,0.1,0.11590315460129712,0.20345187078063956,0.15791183015031113
10,4,1,0.0,0.7178713916381553,1.639096413399131,1.1876136393019798
10,4,1,0.1,0.9522067942284561,1.670114205597087,1.0936638885341403
10,5,0.01,0.0,0.07404302795554357,0.19383607090152608,0.10934858379344257
10,5,0.01,0.1,0.08989755387768733,0.18204662455227216,0.12566968184010463
10,5,0.1,0.0,0.08115110524671582,0.42557091736779934,0.12398099187989134
10,5,0.1,0.1,0.09332332879613014,0.19204121189226436,0.14517282042254834
10,5,1,0.0,0.7068280600231424,1.4468182844525448,1.0597747518056306
10,5,1,0.1,0.8737599682771053,1.4162919473887359,1.168610240230316
10,6,0.01,0.0,0.05842475894859998,0.3031395762074799,0.16517381667029077
10,6,0.01,0.1,0.06953632032118187,0.3674322219617542,0.14259349071467858
10,6,0.1,0.0,0.06682651616327726,0.36427562297679605,0.1407293352347013
10,6,0.1,0.1,0.10167820491787896,0.20102204142584784,0.15430036526824484
10,6,1,0.0,0.7646942131397145,1.566907475975929,1.1044343277130915
10,6,1,0.1,0.9720334450652739,1.4403097299320302,1.2195264405048847
10,7,0.01,0.0,0.0686529977388308,0.23835969426404935,0.12754878988407825
10,7,0.01,0.1,0.09466892522875245,0.2246921791518802,0.14588159907334527
10,7,0.1,0.0,0.07070212767095525,0.32127741795727355,0.1743417030158907
10,7,0.1,0.1,0.0802587027476779,0.503574554805181,0.16559134610209053
10,7,1,0.0,0.6572840596495613,1.8236582990955608,1.2996023901176654
10,7,1,0.1,0.9479659343096127,1.7079627508321356,1.2506491582550374
10,8,0.01,0.0,0.06861191242011723,0.2360135879605337,0.13369963239325283
10,8,0.01,0.1,0.08263103074053046,0.3055042082683584,0.18320503049319184
10,8,0.1,0.0,0.0743768379312637,0.31826317118087233,0.15691443901163366
10,8,0.1,0.1,0.10323142691384099,0.2915052360602788,0.18850235765285442
10,8,1,0.0,0.6852033380290532,1.733195913545763,1.2046614833374152
10,8,1,0.1,0.7572383587075276,1.515718126037963,1.145459500799686
10,9,0.01,0.0,0.05134662093117148,0.5612887665391233,0.22388740610458185
10,9,0.01,0.1,0.10019018606566883,0.2630827788439487,0.16976948584612866
10,9,0.1,0.0,0.07631097384003944,0.37516411940217176,0.14301775306029108
10,9,0.1,0.1,0.1007969242883641,0.22696640850818092,0.17319855884471524
10,9,1,0.0,0.7831746440890506,1.948838022330807,1.1097922526853443
10,9,1,0.1,0.7659373028795875,1.6524635228849107,1.2222901505441324
10,10,0.01,0.0,0.059577903593974024,0.2890438384599136,0.1568839731480564
10,10,0.01,0.1,0.08549140952003367,0.31086743339141143,0.18712259656164212
10,10,0.1,0.0,0.07583125724418999,0.37963152531645267,0.20534822699897934
10,10,0.1,0.1,0.09794738072110805,0.2908060209248982,0.17684808151692682
10,10,1,0.0,0.832943218009931,2.0197849981118816,1.2160155046721823
10,10,1,0.1,0.6361184892531708,1.8888371105848454,1.2050140463956909
10,11,0.01,0.0,0.06200348335726554,0.6190844228134349,0.14587551583662092
10,11,0.01,0.1,0.08938960593350156,0.29890003258306763,0.1871300926122632
10,11,0.1,0.0,0.06748774156487176,0.33242300320368623,0.16393110585888226
10,11,0.1,0.1,0.09587952735926228,0.2825443667583829,0.1696696791050273
10,11,1,0.0,0.6257952924257252,2.2667345021614014,1.2793255192042725
10,11,1,0.1,0.8495892521226247,1.9194979382534811,1.2402920451468376
10,12,0.01,0.0,0.04988796580867897,0.47760973727738454,0.22574241323097527
10,12,0.01,0.1,0.0893637527897482,0.276036470081051,0.18440289732739198
10,12,0.1,0.0,0.05727751059262165,0.3479101061203631,0.15446044209368134
10,12,0.1,0.1,0.1022019511569906,0.2934750647534475,0.18181218724254652
10,12,1,0.0,0.8024554251387167,2.0294735687708956,1.2253649217363236
10,12,1,0.1,0.8138432018097536,1.9601985428017603,1.1300973372940832
10,13,0.01,0.0,0.059917382565236155,0.47164368675469426,0.1909827042059104
10,13,0.01,0.1,0.08259079781259943,0.3008376250784471,0.19664875682118754
10,13,0.1,0.0,0.05787270454438943,0.5261593199409142,0.15274187694276692
10,13,0.1,0.1,0.09333193253714189,0.28316632941973285,0.17062121970671953
10,13,1,0.0,0.6232718996321689,2.081801764254706,1.2980067135934918
10,13,1,0.1,0.7617750314794285,1.903149322209203,1.198548932253821
10,14,0.01,0.0,0.05584611389510182,0.2882985146615012,0.12495658417823542
10,14,0.01,0.1,0.07740021912357742,0.49270507978233286,0.16622861523578134
10,14,0.1,0.0,0.05375498688749982,0.5436915399744546,0.13037478689007748
10,14,0.1,0.1,0.08815182063059475,0.327570802478537,0.15017938182296525
10,14,1,0.0,0.6398778724080906,2.3795014646745707,1.047277565623454
10,14,1,0.1,0.7499007639743918,1.8198959867522047,1.2449522473165227
10,15,0.01,0.0,0.05170732709351712,0.3175161050000939,0.15294058619420833
10,15,0.01,0.1,0.08520748474775135,0.5246031337751527,0.1663612844816248
10,15,0.1,0.0,0.05872847689227878,0.32450196198805914,0.11891772637181097
10,15,0.1,0.1,0.09068828420028989,0.33647416193718116,0.20430321660947084
10,15,1,0.0,0.6095647585302987,2.2477925544219617,1.2660944712761988
10,15,1,0.1,0.6506925661074383,1.8863712486842534,1.1118252584122792
10,16,0.01,0.0,0.05075720929586229,0.7808016057128871,0.33003896911777336
10,16,0.01,0.1,0.07498549112414148,0.3564774854046686,0.17653436948253243
10,16,0.1,0.0,0.05084459001535339,0.6976067678950475,0.3749150455159337
10,16,0.1,0.1,0.09687540835629267,0.31437425033222877,0.19781458459189788
10,16,1,0.0,0.5989470267104287,2.3857999043437754,1.4238708283207384
10,16,1,0.1,0.8908629230414753,2.059527580579899,1.129169369556072
10,17,0.01,0.0,0.03932211001583793,0.4382881083567149,0.18975787243040446
10,17,0.01,0.1,0.08293431359744671,0.40983354850582004,0.22460933297813057
10,17,0.1,0.0,0.05671419555507563,0.42974759956989483,0.18078645683206906
10,17,0.1,0.1,0.10156239218548553,0.35087449300967327,0.22203370271059006
10,17,1,0.0,0.8678828536117628,2.635608171750937,1.1328400901548978
10,17,1,0.1,0.7071077719314584,1.7702223958752157,1.0926386731643152
10,18,0.01,0.0,0.04462719779632274,0.3459251627778732,0.13401433883684527
10,18,0.01,0.1,0.08374884314090766,0.3465468247446073,0.1726987410761645
10,18,0.1,0.0,0.04586221742814497,0.7781102769102428,0.16694269574153822
10,18,0.1,0.1,0.08788135561982832,0.4556326274215337,0.2100097373597949
10,18,1,0.0,0.6413386875386132,2.796256025262933,1.3658887626290428
10,18,1,0.1,0.9420121267571329,2.3917959174584755,1.2244460023184591
10,19,0.01,0.0,0.047974962628023296,0.5109412581942142,0.18275625154861797
10,19,0.01,0.1,0.08321019226020868,0.44656767642719164,0.20439725486125293
10,19,0.1,0.0,0.0514215598952729,0.5887720266901924,0.18971289115948525
10,19,0.1,0.1,0.08518656366926505,0.2718609856713423,0.14854787191271906
10,19,1,0.0,0.6490872630635927,2.2853148957828884,1.1702836588140113
10,19,1,0.1,0.7430965158913898,1.5843860887112007,1.2670438573682172
10,20,0.01,0.0,0.052616551314849234,0.6306592577922369,0.1513519408586956
10,20,0.01,0.1,0.07358652184058463,0.26577794046507386,0.15093875924537184
10,20,0.1,0.0,0.06398944490938895,0.6239378410216299,0.223741800714956
10,20,0.1,0.1,0.08505824365766577,0.40584486922985324,0.17293063430045016
10,20,1,0.0,0.5853465070988486,2.2282959158757096,1.1221570776716385
10,20,1,0.1,0.8324689823150763,1.8265567275428989,1.1494197704745748
20,0,0.01,0.0,0.4947936940259655,0.5222526310412671,0.4746149877190765
20,0,0.01,0.1,0.4617401392939657,0.5229619748798746,0.5041421930985321
20,0,0.1,0.0,0.44668898228162357,0.5339097982801964,0.5148646068774869
20,0,0.1,0.1,0.48746997552344373,0.537096846048206,0.5293801130717983
20,0,1,0.0,1.411901132017413,1.5728243564828592,1.592805943749417
20,0,1,0.1,1.4926485986914795,1.564392601812929,1.3907862930613477
20,1,0.01,0.0,0.47819425857179915,0.5605289232249551,0.5159558269396646
20,1,0.01,0.1,0.4385941928101073,0.568952637855929,0.49027435165013866
20,1,0.1,0.0,0.5239793113295758,0.5544524177362649,0.5224995816658411
20,1,0.1,0.1,0.473099652966392,0.5667814907419625,0.5305686274262064
20,1,1,0.0,1.4403133188822113,1.6557915730336261,1.5041832811592417
20,1,1,0.1,1.3801896002217378,1.7017108353682062,1.4919137338999728
20,2,0.01,0.0,0.1869736484133751,0.25436652339431054,0.21363168952570197
20,2,0.01,0.1,0.22775026998058978,0.29754026768205927,0.254634868681611
20,2,0.1,0.0,0.18901097918128235,0.2218743390481775,0.1981304998334436
20,2,0.1,0.1,0.24154285158299876,0.34671684061216784,0.2991425930020574
20,2,1,0.0,1.0178534953302887,1.3783398681981935,1.123743794128884
20,2,1,0.1,1.1293647348077809,1.3474437280842841,1.350297880667472
20,3,0.01,0.0,0.07134961581895864,0.09941970109341376,0.08083037182753687
20,3,0.01,0.1,0.1166472583786277,0.1425156263275526,0.1252577365273019
20,3,0.1,0.0,0.08636978168499135,0.11460894661445886,0.09746025551907188
20,3,0.1,0.1,0.11816321336705282,0.15830376379724306,0.1279404953636305
20,3,1,0.0,0.9358422098473558,1.3359829551752758,1.202039833913771
20,3,1,0.1,0.962241276758642,1.2744299899908689,1.0921840210333507
20,4,0.01,0.0,0.05881008498421101,0.10196581624025658,0.07590730870182623
20,4,0.01,0.1,0.0808170863887738,0.0987168752196412,0.09047528970714101
20,4,0.1,0.0,0.07441624468684188,0.10333062337272488,0.08483498680079968
20,4,0.1,0.1,0.09077587044245954,0.12895204728822382,0.11464007811074363
20,4,1,0.0,1.0441962130011064,1.2960896593616384,1.1012155133440333
20,4,1,0.1,0.8999406022698876,1.2585464107580528,1.0744943998115983
20,5,0.01,0.0,0.06220239111394103,0.13537562975143594,0.09335726181721664
20,5,0.01,0.1,0.09311071041016093,0.1202635813727998,0.10810322625825522
20,5,0.1,0.0,0.06851494606939068,0.13838698438173208,0.11136340471123977
20,5,0.1,0.1,0.09996549515639712,0.13319372500353216,0.11224274434233439
20,5,1,0.0,1.0470554257595825,1.3346591195178237,1.1236964083071048
20,5,1,0.1,0.9342799371808692,1.2658449084011225,1.0955471733073907
20,6,0.01,0.0,0.10114575799812697,0.1525437242156638,0.1167454717105628
20,6,0.01,0.1,0.0758425145591824,0.15776605445458874,0.12395633283887911
20,6,0.1,0.0,0.09144380072334243,0.1524323080172056,0.11624232011937277
20,6,0.1,0.1,0.10218352332763829,0.14641122805925927,0.12504777350419666
20,6,1,0.0,0.8286419195511844,1.3761616681174038,1.086843551817082
20,6,1,0.1,0.9316127536951418,1.2937832987471847,0.9604794846721104
20,7,0.01,0.0,0.09000413045210522,0.18885274985483907,0.12917198163158125
20,7,0.01,0.1,0.09136711821434644,0.18697920872127466,0.138805590927946
20,7,0.1,0.0,0.09425451102055168,0.21600325318835534,0.14646820389846624
20,7,0.1,0.1,0.10046054225820789,0.17065146686274477,0.13530464273120368
20,7,1,0.0,0.7952783046228219,1.3145155763394034,1.196522833743066
20,7,1,0.1,1.01108472205922,1.3728700463566557,1.0792973606160174
20,8,0.01,0.0,0.07668347788593016,0.18862825648644344,0.11619783184377798
20,8,0.01,0.1,0.09142148495768068,0.16963925126293186,0.12796051679905224
20,8,0.1,0.0,0.09266444232853897,0.165224918205558,0.1236361431770414
20,8,0.1,0.1,0.10052489054131356,0.17559134110797253,0.12826013308497705
20,8,1,0.0,0.8843255764048605,1.3120598546322797,1.0503138940642052
20,8,1,0.1,0.9872924834693801,1.3356304949002984,1.2112151604697752
20,9,0.01,0.0,0.0820503512287272,0.13642764977805752,0.10365070122209631
20,9,0.01,0.1,0.09429390192054464,0.16375551847748637,0.12150248693270768
20,9,0.1,0.0,0.08379130588806274,0.19847709871509156,0.13088451131418796
20,9,0.1,0.1,0.08939234645636432,0.21689619991365414,0.1579561043494232
20,9,1,0.0,0.8374765078789805,1.4161288271226486,1.1792652581429488
20,9,1,0.1,1.0465143269877593,1.2813998051424393,1.1271654300902323
20,10,0.01,0.0,0.07063050663494146,0.26715070936263957,0.14333010386115888
20,10,0.01,0.1,0.08475621969747718,0.20711601134533217,0.13207458976425734
20,10,0.1,0.0,0.08553911402309608,0.13927283959752024,0.1086784285763541
20,10,0.1,0.1,0.09266210065045036,0.20765590649253576,0.13687696773888477
20,10,1,0.0,0.858294099330872,1.3144344926167353,1.150248200964246
20,10,1,0.1,1.0346634033877742,1.3871040951947264,1.1306662336639697
20,11,0.01,0.0,0.074365844487252,0.18893002179185175,0.12126957188282532
20,11,0.01,0.1,0.08658650910280648,0.17921254280574989,0.12005043220547569
20,11,0.1,0.0,0.07413128765100671,0.22042625982340286,0.12347021608731032
20,11,0.1,0.1,0.0839056657181844,0.21938675558522833,0.15378272491919778
20,11,1,0.0,0.8609575664114081,1.3816987045304423,1.0624410924827843
20,11,1,0.1,0.891004897625628,1.4291018308299737,1.0630416437896024
20,12,0.01,0.0,0.06118948133950801,0.11715045076765851,0.0821458479295417
20,12,0.01,0.1,0.08057954429614407,0.1680122686154512,0.10981020695159162
20,12,0.1,0.0,0.06813282526852468,0.372925677844672,0.15318577232625366
20,12,0.1,0.1,0.09607443370841175,0.15764960994990812,0.11852213300826281
20,12,1,0.0,0.8682538968938671,1.372700629612924,1.1578407133339514
20,12,1,0.1,0.8503650659239355,1.3728372306841137,1.2743469885826644
20,13,0.01,0.0,0.06271978614318434,0.30067858943934395,0.16907727607012832
20,13,0.01,0.1,0.08167687606692159,0.20455237521201125,0.12035015174698484
20,13,0.1,0.0,0.06741727222386504,0.2820143237477707,0.12867965873473572
20,13,0.1,0.1,0.08378193200375232,0.2293567666574467,0.14779673016810618
20,13,1,0.0,0.8524927239376359,1.394036193230179,1.0419672930039092
20,13,1,0.1,0.911231762463348,1.2816552022387757,1.2252728635965373
20,14,0.01,0.0,0.06020661235970315,0.12861335509742505,0.07991357899599598
20,14,0.01,0.1,0.07561966362196605,0.1632129578690305,0.09839503348502038
20,14,0.1,0.0,0.06932636976053319,0.1229765487220071,0.09274593074781894
20,14,0.1,0.1,0.07792895227446987,0.24936996167470812,0.1282871611309023
20,14,1,0.0,0.9508188756820791,1.5806718527238428,1.1205746500371458
20,14,1,0.1,0.8530454955290951,1.3859154635840074,1.0174383565580853
20,15,0.01,0.0,0.0534065984471349,0.16575199007299704,0.0729786162080732
20,15,0.01,0.1,0.06935371682360095,0.14169195967572615,0.09459693671132577
20,15,0.1,0.0,0.06454149424895453,0.3011763651132176,0.0997112084186326
20,15,0.1,0.1,0.08090301601116356,0.25336142112299687,0.12195903478652098
20,15,1,0.0,0.8753278205296988,1.396463433397787,1.1083328678648363
20,15,1,0.1,0.8776770715954845,1.544054854067846,1.1399586126451877
20,16,0.01,0.0,0.0523573249880334,0.08483424759187594,0.06355877628341261
20,16,0.01,0.1,0.07257918624006018,0.21843805209258874,0.12737216679865598
20,16,0.1,0.0,0.05879700355839011,0.2920854391604374,0.10464114510672783
20,16,0.1,0.1,0.08051968801234513,0.2597809590261949,0.1145041625132678
20,16,1,0.0,0.8867966093129676,1.353683145131842,1.0081343657427584
20,16,1,0.1,0.9305833955228022,1.3315788659121874,1.0826060980147212
20,17,0.01,0.0,0.05561778965913069,0.2970128142354099,0.08814853586990601
20,17,0.01,0.1,0.07083764600576105,0.20456156729829217,0.1103174570089698
20,17,0.1,0.0,0.06337611564363159,0.12640086046276472,0.08227151034777708
20,17,0.1,0.1,0.0861324743120743,0.1722712861374299,0.09666463813397026
20,17,1,0.0,0.8603769872197541,1.2696729642581122,1.0851265149523506
20,17,1,0.1,0.842939600614003,1.3449386322382133,1.1311115702409498
20,18,0.01,0.0,0.050676436925712096,0.21722432630867075,0.07401979046947024
20,18,0.01,0.1,0.07061621338290772,0.14937578748399918,0.09264047309895651
20,18,0.1,0.0,0.0603363867216278,0.13529026502179334,0.07320124945225473
20,18,0.1,0.1,0.08518458699303375,0.2655414508198439,0.14078943005135858
20,18,1,0.0,0.9364468892102271,1.2952614869058916,1.0994574724725477
20,18,1,0.1,0.8946862898652279,1.322499609206131,1.0286413295764212
20,19,0.01,0.0,0.0531245237616745,0.3067928492463707,0.12221532246285671
20,19,0.01,0.1,0.06916445567439564,0.10237390822962214,0.08360748981482535
20,19,0.1,0.0,0.06396014315542406,0.13693180119840004,0.08147698636531103
20,19,0.1,0.1,0.07448022271707179,0.2496607331540571,0.10883606825751947
20,19,1,0.0,0.8852015826927943,1.3018794408968377,1.0984929646131718
20,19,1,0.1,0.86230121530074,1.6012959300858973,1.223996288877652
20,20,0.01,0.0,0.05189991121361661,0.13553509068517844,0.07234237936518209
20,20,0.01,0.1,0.07187763598689294,0.11367279480829948,0.084917850380062
20,20,0.1,0.0,0.05713173347635481,0.21596867336267617,0.08170459121009242
20,20,0.1,0.1,0.07410384578515258,0.10567267534231681,0.08700420502247354
20,20,1,0.0,0.8649440068473607,1.841082933256989,1.206492120396451
20,20,1,0.1,0.8546243394381436,1.548362800176546,1.1988342033061261
50,0,0.01,0.0,0.4952822872358265,0.5126837006167461,0.5087451872219761
50,0,0.01,0.1,0.5109758527685233,0.510141848351781,0.5247791687125557
50,0,0.1,0.0,0.5058855046413909,0.524306069555062,0.5024922154455062
50,0,0.1,0.1,0.5066520178914331,0.5204095605942964,0.49586700434609043
50,0,1,0.0,1.4748027709924059,1.548572849818248,1.4472556569819401
50,0,1,0.1,1.483971580239018,1.5209172613562525,1.6146699180457658
50,1,0.01,0.0,0.4841704117143942,0.5294791442019666,0.4976903610188152
50,1,0.01,0.1,0.48403179413553854,0.5333813160996702,0.5120063520214482
50,1,0.1,0.0,0.4941963310036657,0.5334008930594376,0.5209981458445034
50,1,0.1,0.1,0.48433369921598607,0.5423181938812681,0.5192480496288954
50,1,1,0.0,1.463024007912304,1.5432337980346404,1.4662964777606586
50,1,1,0.1,1.4658189348492763,1.5622665618683729,1.510988150193405
50,2,0.01,0.0,0.05804986996150463,0.06750172972754247,0.06077240928621426
50,2,0.01,0.1,0.18058320139731016,0.1921623986836279,0.18967588259832213
50,2,0.1,0.0,0.06631190268263834,0.07398915773682226,0.07334661421662486
50,2,0.1,0.1,0.18891155225760195,0.21023189193384922,0.19763512589940802
50,2,1,0.0,0.9565789314442454,1.13777667418875,1.0901656265723914
50,2,1,0.1,1.186027742081644,1.2336246827490827,1.249030607273348
50,3,0.01,0.0,0.04197145043169742,0.05180487898949523,0.049039208670340034
50,3,0.01,0.1,0.09699377644468257,0.10520789852596994,0.09946322357604875
50,3,0.1,0.0,0.05443965760932895,0.062043377120510834,0.05979103946683797
50,3,0.1,0.1,0.1007280780609285,0.11329291078770942,0.1078901844454304
50,3,1,0.0,1.0307414118735456,1.132123697146572,1.0429453238582327
50,3,1,0.1,1.0705542918358426,1.1575841548450518,1.1399166774115812
50,4,0.01,0.0,0.05774372704808828,0.07174205245664822,0.061877831538630905
50,4,0.01,0.1,0.08701321517842484,0.09974756002202653,0.09451217871319373
50,4,0.1,0.0,0.06583074026713791,0.08944560934519827,0.07313360761461081
50,4,0.1,0.1,0.0978144059288382,0.11483676345170671,0.10316905025751252
50,4,1,0.0,1.013369948286371,1.1394444078510235,0.9552752470761434
50,4,1,0.1,0.9941746646334473,1.131399660512026,1.0502636406364378
50,5,0.01,0.0,0.06489954404712453,0.08621998064666456,0.06809426471560617
50,5,0.01,0.1,0.09220552584411404,0.10580866412760533,0.10070813176370473
50,5,0.1,0.0,0.06832819426842587,0.09198559261542062,0.07907916627725996
50,5,0.1,0.1,0.10256489205533734,0.11297186694518661,0.10719149837268196
50,5,1,0.0,0.9406089166360857,1.1639078944400503,1.0442354725164482
50,5,1,0.1,1.0042055243499342,1.156400323247407,1.0733158781669474
50,6,0.01,0.0,0.05298799959337991,0.062314759177303704,0.0536909446270939
50,6,0.01,0.1,0.09481778002057176,0.10843555705494927,0.10045064105098567
50,6,0.1,0.0,0.06354821704229133,0.07436645032270353,0.06511302374354751
50,6,0.1,0.1,0.10501886524214718,0.1162277423783584,0.10601358450999682
50,6,1,0.0,1.0187234589289338,1.1189143318117218,1.101860753208804
50,6,1,0.1,1.1124445888622403,1.144765390428375,1.1660974587031272
50,7,0.01,0.0,0.04270090548268173,0.05024151384311902,0.04418090365579691
50,7,0.01,0.1,0.08887687097854877,0.1111499485923962,0.10794753950157718
50,7,0.1,0.0,0.05053860096789251,0.05201280929433488,0.04929674131123214
50,7,0.1,0.1,0.10544906731815143,0.11459219299801585,0.1110382423043598
50,7,1,0.0,0.917782379221199,1.0892028700471352,1.0843595773161556
50,7,1,0.1,1.0668119477621685,1.1336913943521323,1.1647316672809394
50,8,0.01,0.0,0.027726636025983197,0.033259729733270745,0.02931527578108738
50,8,0.01,0.1,0.08730876551850035,0.09791185681925235,0.0936427850739083
50,8,0.1,0.0,0.037477801962711985,0.04655326447651007,0.04135677444859675
50,8,0.1,0.1,0.0943919484525371,0.11765936857091197,0.10757285720706451
50,8,1,0.0,0.9242894189682996,1.1504823193649836,0.9951972642297949
50,8,1,0.1,1.0481551952353663,1.1577481922957147,1.0692174805467538
50,9,0.01,0.0,0.022348609772822374,0.02564936499976924,0.023639573157597973
50,9,0.01,0.1,0.08216181867149515,0.09284397576064787,0.08630011212578881
50,9,0.1,0.0,0.031262710458293944,0.03690591289205123,0.03304837001808805
50,9,0.1,0.1,0.09101173512549908,0.10613224300191675,0.09838193047818519
50,9,1,0.0,0.909455831989922,1.1077404355591711,1.0459189033337213
50,9,1,0.1,1.0081086456161537,1.1569723938424852,1.0432288888247296
50,10,0.01,0.0,0.016404844395663667,0.03749933189985355,0.019457833885012443
50,10,0.01,0.1,0.07447392210394572,0.10187045165860702,0.08221333894360507
50,10,0.1,0.0,0.025826954080761595,0.03127102274791092,0.02459995380708086
50,10,0.1,0.1,0.08525373266303456,0.1005275109808702,0.091542946792733
50,10,1,0.0,0.9703127860752397,1.0828658625412706,1.0188210069116739
50,10,1,0.1,1.0391810156727108,1.1640088529339325,1.147075405640158
50,11,0.01,0.0,0.015378260976514319,0.01800705394255151,0.016027893964964103
50,11,0.01,0.1,0.07270172539797623,0.08913730747641653,0.08124782732604575
50,11,0.1,0.0,0.025295026683561567,0.03051101971215773,0.028227130050263817
50,11,0.1,0.1,0.07930982535013385,0.09771451844045542,0.0857504573895989
50,11,1,0.0,0.9580869982440111,1.1121982559751111,1.0648199108914096
50,11,1,0.1,0.9889972743362474,1.1525565725722076,1.1300829577373608
50,12,0.01,0.0,0.015405306662840906,0.018930030166336355,0.01708338914888641
50,12,0.01,0.1,0.06593149183254186,0.08762193679455801,0.07453446728850915
50,12,0.1,0.0,0.025163839868060107,0.029446225210921977,0.0262559365896361
50,12,0.1,0.1,0.07569674756699565,0.08586249411433525,0.0852713625762065
50,12,1,0.0,0.9016948154794475,1.111641024942179,1.0184393292445628
50,12,1,0.1,1.0139800891720019,1.1801960285842392,1.1465959313990932
50,13,0.01,0.0,0.01604488344822433,0.018947928404919108,0.016936363164722166
50,13,0.01,0.1,0.0630204610058666,0.07339802684848261,0.07289004940807664
50,13,0.1,0.0,0.024769593711342842,0.033499518980147344,0.026356999912949965
50,13,0.1,0.1,0.07084898340862072,0.08092812234650151,0.07460354141523348
50,13,1,0.0,0.9066861009412502,1.1011651354812089,1.0414810063043196
50,13,1,0.1,0.9016641461557265,1.182212079270583,1.0815458672588156
50,14,0.01,0.0,0.0182879682670694,0.02270809605378679,0.020275299187450614
50,14,0.01,0.1,0.06134905640636823,0.07709469580481479,0.06829563866626244
50,14,0.1,0.0,0.028473993923774248,0.03412834626431708,0.030978773620238945
50,14,0.1,0.1,0.06989881031768753,0.08392858398218668,0.07699346481991004
50,14,1,0.0,0.9960204530246191,1.1810195952126734,1.0377068651095498
50,14,1,0.1,0.9928758950464968,1.2204836386548774,1.017923558229583
50,15,0.01,0.0,0.019138962282617657,0.028230043502171988,0.023221055863680097
50,15,0.01,0.1,0.05983809189675217,0.06827090706469952,0.06394308458639858
50,15,0.1,0.0,0.028387966682960203,0.03632032891145169,0.03231340911275569
50,15,0.1,0.1,0.07028514545377045,0.08514802237044451,0.07364178849200038
50,15,1,0.0,0.9725769650634046,1.1291353917792417,0.9973406680426942
50,15,1,0.1,1.0170472028672122,1.1736471817058693,1.0483977303364642
50,16,0.01,0.0,0.022475533872954125,0.029472529483057446,0.02510235192444332
50,16,0.01,0.1,0.059518046155784064,0.06443225658542592,0.06282190001047396
50,16,0.1,0.0,0.03281593690790839,0.044741457880315826,0.03402844264811208
50,16,0.1,0.1,0.06796205877214018,0.07614540034734364,0.07236111445876608
50,16,1,0.0,0.9463434191554987,1.1044128211393625,1.0453242458664442
50,16,1,0.1,0.9776224979794144,1.212107801147829,1.1081238253638146
50,17,0.01,0.0,0.02133355884015531,0.035358617705849145,0.02585404818067883
50,17,0.01,0.1,0.05706300002159316,0.07572369952891218,0.0658469676309834
50,17,0.1,0.0,0.02956363269678953,0.04338736289021283,0.03228808714718423
50,17,0.1,0.1,0.06775476662423546,0.07818124290179312,0.07338412704633165
50,17,1,0.0,0.9262641749700613,1.0910816489911248,1.0964624023140939
50,17,1,0.1,1.0234605209287262,1.125219098512118,1.0649774648173087
50,18,0.01,0.0,0.023852636822543107,0.03372610336715537,0.027125922422839677
50,18,0.01,0.1,0.06004780782247582,0.06704118967154186,0.06466547261990199
50,18,0.1,0.0,0.033125157067181166,0.04241219913123126,0.036776263038870174
50,18,0.1,0.1,0.0685545477781746,0.07853170656556498,0.07352725566693033
50,18,1,0.0,0.8809972067011564,1.1770381028119083,1.0496550071666848
50,18,1,0.1,0.9707963873066454,1.1883226906911575,1.0662828608427328
50,19,0.01,0.0,0.023319017533005228,0.047977056486794456,0.03466190144244041
50,19,0.01,0.1,0.05993241389184469,0.06837695514715654,0.06147166695537211
50,19,0.1,0.0,0.03282637408414761,0.04815364138476308,0.03837956555329429
50,19,0.1,0.1,0.06868717207354208,0.07475359157182634,0.06880065025774654
50,19,1,0.0,0.8785210896298125,1.202881219322856,0.8827534067066569
50,19,1,0.1,1.0208656547367991,1.162591989915295,1.0476917002174937
50,20,0.01,0.0,0.02324137969922051,0.04479774939141923,0.03794851796320968
50,20,0.01,0.1,0.059357502291986476,0.06465067341173966,0.05993457527477063
50,20,0.1,0.0,0.03310153853928133,0.046543550069746274,0.03660271872790283
50,20,0.1,0.1,0.07062454277382108,0.07502276000625539,0.07079943395986894
50,20,1,0.0,0.9943737907706609,1.0994128933897458,1.0093896645886562
50,20,1,0.1,0.9598618602168353,1.1703898946893811,1.0968851587751014
100,0,0.01,0.0,0.4994004858808223,0.5098895354076839,0.5153533856100343
100,0,0.01,0.1,0.49436149286483244,0.5123730960289088,0.4987161946791243
100,0,0.1,0.0,0.5079808618598335,0.5138009798915679,0.5071070517957151
100,0,0.1,0.1,0.499128765399332,0.5110009576925355,0.5182177659158905
100,0,1,0.0,1.4475091982233417,1.5299545125034713,1.5531686741916848
100,0,1,0.1,1.4817058764699,1.5119355037324018,1.4710204137854717
100,1,0.01,0.0,0.4836816923402162,0.5087283415253628,0.51112931242886
100,1,0.01,0.1,0.4784418936301157,0.5070519010714613,0.49566563437061645
100,1,0.1,0.0,0.5106270791271789,0.5198393505702908,0.5169770393442963
100,1,0.1,0.1,0.48021229975616136,0.5208654242885113,0.5245658703479048
100,1,1,0.0,1.4600180788624508,1.5352398987360782,1.4368612465110402
100,1,1,0.1,1.4902521368449038,1.538517622310468,1.4823064334848317
100,2,0.01,0.0,0.038318011919942906,0.04123261322936499,0.04070872854963823
100,2,0.01,0.1,0.144065802505136,0.14927655643055532,0.14577112115797514
100,2,0.1,0.0,0.04832994973381948,0.052025671727539725,0.05050208758311184
100,2,0.1,0.1,0.15150997622842388,0.15616590988390486,0.1504503973606359
100,2,1,0.0,0.9860552560132352,1.080208339506854,1.012349092435552
100,2,1,0.1,1.1265863869395867,1.180520976136977,1.1354303617166988
100,3,0.01,0.0,0.04150389833445106,0.050596771628689044,0.04600778717095053
100,3,0.01,0.1,0.0777690670843887,0.08091017740633931,0.08045321586805897
100,3,0.1,0.0,0.052560880108394395,0.0594142791789725,0.05728197233617967
100,3,0.1,0.1,0.0885023095615459,0.09045582354969485,0.08835570416744613
100,3,1,0.0,0.9913047149733686,1.0661040499548244,1.0707428938381707
100,3,1,0.1,1.0341069453154588,1.1012593556715156,1.1063396569321293
100,4,0.01,0.0,0.05561924161834233,0.059022019464954986,0.05297519301865991
100,4,0.01,0.1,0.07393772490486843,0.07999514800696615,0.07423032340613551
100,4,0.1,0.0,0.06484705301843766,0.07066390680355153,0.06667007170520375
100,4,0.1,0.1,0.08526552544519436,0.09419428500675292,0.08585627662395247
100,4,1,0.0,1.0688931786047378,1.106428319388291,1.0177676199172923
100,4,1,0.1,1.0676889282738005,1.1032127420336137,1.0422984932221022
100,5,0.01,0.0,0.050200162823120766,0.054204076706120354,0.050849689123563
100,5,0.01,0.1,0.08185470942256737,0.09012342642736641,0.08646051681264817
100,5,0.1,0.0,0.05853278144013864,0.06687225077035032,0.06215460948562635
100,5,0.1,0.1,0.09225670335500948,0.10306694705833945,0.09928898955987082
100,5,1,0.0,1.001102887764584,1.0921109940705498,0.9984100217717189
100,5,1,0.1,1.069752760962035,1.1112745243615718,1.057923934256579
100,6,0.01,0.0,0.03689036416092935,0.04418651737166198,0.03969102577585194
100,6,0.01,0.1,0.08298458061249508,0.08921792795808992,0.08769852238886933
100,6,0.1,0.0,0.04461178127173397,0.04987417736429279,0.04663444072258274
100,6,0.1,0.1,0.09462354377601852,0.10301803367015597,0.09806198354503509
100,6,1,0.0,0.9868459009989012,1.0965961693867041,1.1207547698286735
100,6,1,0.1,1.0441682711683473,1.1100282679139906,1.1332697130647653
100,7,0.01,0.0,0.02284188900872376,0.026274215124989724,0.024114219583842727
100,7,0.01,0.1,0.07638370127272479,0.085188950590211,0.08402646300313657
100,7,0.1,0.0,0.032693630788962875,0.035469411811093095,0.03500371737003459
100,7,0.1,0.1,0.08602495692221537,0.09970790402066798,0.0954638680824421
100,7,1,0.0,0.9786220110030068,1.052465652524362,1.0073889870035149
100,7,1,0.1,1.0512798788674698,1.1250975278403414,1.0407212343840708
100,8,0.01,0.0,0.01503703570342665,0.016981385484971558,0.016515063716657213
100,8,0.01,0.1,0.07130047392754148,0.0766381331515428,0.0760204692819164
100,8,0.1,0.0,0.02501280710804093,0.026595634556206855,0.026522432210918084
100,8,0.1,0.1,0.07782451059937551,0.08930156512333556,0.08592193223785344
100,8,1,0.0,0.9783077056514113,1.0937300617377261,1.0076709813626397
100,8,1,0.1,1.0809785239172156,1.1285577635523392,1.1008088506872291
100,9,0.01,0.0,0.0116240188487268,0.011999518503091432,0.011516722831435892
100,9,0.01,0.1,0.06385407426198754,0.06639565012342619,0.06541556965421515
100,9,0.1,0.0,0.020496629450406666,0.022771514896476688,0.020815410388203757
100,9,0.1,0.1,0.07266172699199183,0.081121312707717,0.08245142713142832
100,9,1,0.0,1.0485094474697791,1.0543395184221653,1.0735758922309615
100,9,1,0.1,1.0164068886330382,1.092356719448632,1.0589354595227047
100,10,0.01,0.0,0.011242023726238694,0.011919501746402522,0.011315344031385982
100,10,0.01,0.1,0.05744266238865124,0.061888850864990776,0.0589905960908508
100,10,0.1,0.0,0.020301982899916145,0.022313718788763575,0.021465295939408054
100,10,0.1,0.1,0.06646811392496961,0.07456032687365569,0.06931820840820782
100,10,1,0.0,0.9600998546821193,1.0407207156184792,0.9371996010908297
100,10,1,0.1,0.9934358823496158,1.1153276109238077,1.0650403896047067
100,11,0.01,0.0,0.011952261057487873,0.013680675953449023,0.012718174324796598
100,11,0.01,0.1,0.05322366633938275,0.05783082504650979,0.0536265520690706
100,11,0.1,0.0,0.020746594740716738,0.023332213392760613,0.021964364243442388
100,11,0.1,0.1,0.062160396645997394,0.06761517670511251,0.0656394520968355
100,11,1,0.0,1.035547275248113,1.051991831271679,1.01348092928649
100,11,1,0.1,0.9912703725554948,1.0960950470710207,1.0754747596308303
100,12,0.01,0.0,0.012998007914466005,0.014847723362665257,0.012760807791722385
100,12,0.01,0.1,0.04994885491655791,0.052305002139160416,0.04812126707238363
100,12,0.1,0.0,0.023200966089724866,0.025283136024933362,0.024619670869300544
100,12,0.1,0.1,0.060225652121457016,0.06518936221028276,0.06700836078163516
100,12,1,0.0,0.9565619244095125,1.0701800085741644,1.1611059576938825
100,12,1,0.1,0.9756112849629828,1.0852370056664518,1.1379290856922648
100,13,0.01,0.0,0.014175352632095451,0.016958938958350586,0.015242196507474439
100,13,0.01,0.1,0.0478628503305412,0.053518943054152224,0.05338908119453498
100,13,0.1,0.0,0.025078079456563106,0.029512469861016116,0.028374041315922856
100,13,0.1,0.1,0.0571714500745502,0.0611340169359066,0.06153215542997266
100,13,1,0.0,0.9816756447015456,1.059016182254192,1.0509111625719152
100,13,1,0.1,1.0261188630028717,1.0618943009704915,1.0037272716688947
100,14,0.01,0.0,0.015310379926900283,0.020268788560696433,0.01688238003739735
100,14,0.01,0.1,0.047210536084432854,0.05220979822700996,0.05261855900159331
100,14,0.1,0.0,0.02658937315135328,0.02954371646919702,0.02522398325132045
100,14,0.1,0.1,0.05795815031754895,0.058880688980828044,0.06039487832984345
100,14,1,0.0,0.9729504554618043,1.0544304775217186,1.0241822038862203
100,14,1,0.1,1.0345065746121747,1.0559751816230973,1.0256173352998477
100,15,0.01,0.0,0.016928471952152725,0.020642147534392585,0.016708295938779955
100,15,0.01,0.1,0.046389790651212404,0.04944927713411892,0.05129305244272145
100,15,0.1,0.0,0.026335766029954105,0.02970445274671956,0.02789585060479922
100,15,0.1,0.1,0.05508117529289798,0.06137372684740046,0.057581335093689005
100,15,1,0.0,0.9525456731262973,1.110518069258737,0.9662936239657595
100,15,1,0.1,1.0240892209406174,1.0740437116430017,1.0622785486760553
100,16,0.01,0.0,0.01715443958860946,0.02390416253694672,0.019183838970049598
100,16,0.01,0.1,0.047199286915514616,0.04902781103228314,0.04721569717007221
100,16,0.1,0.0,0.026789976900374275,0.02969135241931393,0.026491538176677473
100,16,0.1,0.1,0.05477346525204838,0.06080085018665978,0.05584405216248363
100,16,1,0.0,1.013988956027852,1.0726003146678493,0.8944067948052329
100,16,1,0.1,1.0323692123761175,1.1197179654907115,1.0558030197098092
100,17,0.01,0.0,0.01801741502171131,0.023526659217597026,0.019981432705785458
100,17,0.01,0.1,0.04726330620667081,0.050321290036622016,0.050616819950802694
100,17,0.1,0.0,0.027366156324279033,0.03180819258531813,0.028250616335931036
100,17,0.1,0.1,0.057601432681528245,0.0619197102171572,0.05800872578915048
100,17,1,0.0,0.9666490995225863,1.0527237200114496,1.0468985546326435
100,17,1,0.1,1.0832392709735024,1.0868904328836821,0.9954654977166975
100,18,0.01,0.0,0.017965606747538106,0.020817980962071107,0.019713420511522563
100,18,0.01,0.1,0.04751483027864732,0.04972643391665392,0.047785671230257565
100,18,0.1,0.0,0.027259013873546966,0.03447985871016858,0.03360685973208559
100,18,0.1,0.1,0.056087669892502946,0.05953387638643668,0.055855446629187594
100,18,1,0.0,0.9324538382738913,1.0565772093247807,1.0228295246432315
100,18,1,0.1,0.9681859025115338,1.090366942436971,1.0167386241447158
100,19,0.01,0.0,0.016774142105137287,0.019042668389808705,0.017707887733307153
100,19,0.01,0.1,0.04792067336185654,0.051280343424904104,0.04983793618679151
100,19,0.1,0.0,0.026257433023551446,0.034685763934948835,0.0290380831599974
100,19,0.1,0.1,0.05744182829429998,0.06075303692911257,0.0606380636975077
100,19,1,0.0,0.9514813323469952,1.0614347366195749,1.043180140279816
100,19,1,0.1,1.0247300737435887,1.1053815585392672,1.1163842921684217
100,20,0.01,0.0,0.016404427164742986,0.01878273034852923,0.016519045254934667
100,20,0.01,0.1,0.04802428007138525,0.05150903560243712,0.04994755019210829
100,20,0.1,0.0,0.024531002660655516,0.03015967525343255,0.026958887250938254
100,20,0.1,0.1,0.05809698236235565,0.06101576885067618,0.057769916372348
100,20,1,0.0,0.9905142908917346,1.0767193807506312,0.9948262000506486
100,20,1,0.1,1.0213499481547086,1.1136281232333531,1.0422772380380747
200,0,0.01,0.0,0.4916430992053423,0.5010820616901321,0.5101660782640747
200,0,0.01,0.1,0.49982835663387243,0.5071834480852437,0.49297533846302866
200,0,0.1,0.0,0.5062319602954946,0.5122326827160849,0.5086183208997631
200,0,0.1,0.1,0.5118591941151631,0.5129928617666123,0.5097470354364816
200,0,1,0.0,1.4686833431552127,1.4918827506188435,1.4250647349847219
200,0,1,0.1,1.4835814821668225,1.5115062394003815,1.450073160408577
200,1,0.01,0.0,0.48522717285182093,0.5082797856011687,0.506709505051376
200,1,0.01,0.1,0.5020553290639403,0.5056500136447608,0.5171291909731812
200,1,0.1,0.0,0.4961571315373341,0.5199582255325109,0.4994499545653871
200,1,0.1,0.1,0.5060672421344894,0.5201265344882751,0.510973991074903
200,1,1,0.0,1.5132630208733153,1.529387707021671,1.476260444978312
200,1,1,0.1,1.4820686192588919,1.5165859557912134,1.4003540109583739
200,2,0.01,0.0,0.03782499229021266,0.038626335980162164,0.03757015414361589
200,2,0.01,0.1,0.14253876406149726,0.15048094448344634,0.14954479819834848
200,2,0.1,0.0,0.046899786007097696,0.04937344231817326,0.04798364455472005
200,2,0.1,0.1,0.1501713170512939,0.15434104987600403,0.15413080881932364
200,2,1,0.0,1.0122952535294558,1.0493577972122998,1.0754185262006661
200,2,1,0.1,1.1598794524223748,1.161919610258472,1.2203513318108596
200,3,0.01,0.0,0.04429373533653362,0.046556310019910896,0.04209336173835479
200,3,0.01,0.1,0.07760891977119945,0.07893464686707613,0.0780251673574674
200,3,0.1,0.0,0.05541243155392202,0.05669750030545743,0.05298893564695483
200,3,0.1,0.1,0.08863364066657342,0.08871001335134947,0.09126104890867032
200,3,1,0.0,1.0450642911173351,1.0575304517688324,0.9787079396013811
200,3,1,0.1,1.0572805592742867,1.107826084572371,1.0968908476095798
200,4,0.01,0.0,0.04548550625002478,0.04785608236962484,0.046192336444507175
200,4,0.01,0.1,0.07940668368218727,0.0819484138437604,0.08077426170961954
200,4,0.1,0.0,0.053819921849281874,0.06006243857090644,0.05457101612901661
200,4,0.1,0.1,0.08792808375571652,0.09050460603348237,0.0917461879084887
200,4,1,0.0,0.9864241261902199,1.0605042387200418,1.0436883475508245
200,4,1,0.1,1.0838302351566307,1.1013416892191439,1.0805998501477425
200,5,0.01,0.0,0.03194121827529906,0.03420475326195642,0.03285774713598858
200,5,0.01,0.1,0.08334455148857736,0.08720686173619667,0.08707052421354768
200,5,0.1,0.0,0.04184884135836017,0.0433881694805119,0.043094125516521684
200,5,0.1,0.1,0.09283847998448568,0.09766435761863589,0.09753520269783024
200,5,1,0.0,1.03388470179082,1.0537282303414721,1.044385798819957
200,5,1,0.1,1.104088495331697,1.0903673778025675,1.0691959315455746
200,6,0.01,0.0,0.020274237355949565,0.02113217579164882,0.020012953330909057
200,6,0.01,0.1,0.08339899381796768,0.08770734517955323,0.08750816820276157
200,6,0.1,0.0,0.028065352073749557,0.030738218236723992,0.02975891859756223
200,6,0.1,0.1,0.09261706642825723,0.09676924299443426,0.09199523694441036
200,6,1,0.0,1.002705230089369,1.042670907739899,0.9805281390187254
200,6,1,0.1,1.0612768823389032,1.0981214169321227,1.1168967105268517
200,7,0.01,0.0,0.012713746173821847,0.01332323242611388,0.012525657925985529
200,7,0.01,0.1,0.0784356941058151,0.0809613414200704,0.07506285338244287
200,7,0.1,0.0,0.023550926626787518,0.02463652063032206,0.025020088296830716
200,7,0.1,0.1,0.08837011108483685,0.0936329729554202,0.09162988054786265
200,7,1,0.0,0.9987925178312963,1.0247916631515506,0.9333917801982538
200,7,1,0.1,1.0554748330384054,1.1163712304213216,1.0703552224020034
200,8,0.01,0.0,0.01037402977000951,0.010992983023660478,0.010501172854804739
200,8,0.01,0.1,0.07086056745870677,0.07317024603176489,0.07101224167952695
200,8,0.1,0.0,0.02080120405517088,0.021158650710909385,0.018780411353316106
200,8,0.1,0.1,0.07967443352540804,0.08319334780948293,0.08396917834540474
200,8,1,0.0,0.9913546077526293,1.0387384910204696,1.0146537172368324
200,8,1,0.1,1.0559276627955427,1.1007604674462628,0.9958102159329925
200,9,0.01,0.0,0.009752412157850686,0.010240521192586564,0.009615407365253958
200,9,0.01,0.1,0.06359087597027849,0.06507702176900096,0.06375299043724311
200,9,0.1,0.0,0.019738016733886313,0.020340903381167723,0.02019927435474993
200,9,0.1,0.1,0.07296152124705413,0.07707610538551396,0.0722569892314693
200,9,1,0.0,1.0417407794975047,1.036653956851565,1.0092788460118967
200,9,1,0.1,0.9927142537313705,1.0946239006662482,1.0130355430372857
200,10,0.01,0.0,0.010399642726763287,0.01096669675025867,0.010313313161625988
200,10,0.01,0.1,0.05756835008931449,0.057608160035975985,0.05799729225350444
200,10,0.1,0.0,0.020433035201483797,0.02103773469178621,0.020507684178512172
200,10,0.1,0.1,0.06689558290744838,0.06935701363711519,0.06769839469865259
200,10,1,0.0,0.9649866337829055,1.054196739747431,1.0750197124460952
200,10,1,0.1,1.023347487086188,1.089543512238539,1.0208780778016318
200,11,0.01,0.0,0.0112307401114465,0.012230836800131008,0.011756738338071105
200,11,0.01,0.1,0.05317685035911975,0.055055798015675284,0.05311707618171755
200,11,0.1,0.0,0.02127519087961419,0.02234941057293987,0.022384112078995464
200,11,0.1,0.1,0.06356361309278383,0.0657527534146581,0.0647366409023578
200,11,1,0.0,0.9953035669812893,1.0323630286201602,1.0104618735091728
200,11,1,0.1,1.054369983915851,1.076358892740518,0.9519833504104442
200,12,0.01,0.0,0.012331959865366619,0.013218498607487982,0.012435038210487309
200,12,0.01,0.1,0.049942671072070136,0.0507686257293426,0.048993056098943964
200,12,0.1,0.0,0.022522903501349764,0.023906273742974323,0.022571659454555366
200,12,0.1,0.1,0.0609380610009639,0.06197717592562589,0.06442058644736262
200,12,1,0.0,1.0155937464283,1.0291098863183046,1.0776237660241654
200,12,1,0.1,1.0431018643653729,1.0569834214080538,1.0566148394985286
200,13,0.01,0.0,0.011833699644089425,0.013289719002055719,0.013186471846265018
200,13,0.01,0.1,0.04866159707176499,0.048283270250285115,0.04722347286721998
200,13,0.1,0.0,0.02294476152043865,0.02425867386213197,0.022518374705003872
200,13,0.1,0.1,0.05732058345816214,0.060587167785472996,0.05973196788698258
200,13,1,0.0,0.9632177362638352,1.0337389804178136,0.9709252624330749
200,13,1,0.1,1.0627023228779255,1.0674541555013437,1.0286309239414542
200,14,0.01,0.0,0.013264338816192652,0.014420370484404588,0.013988807426370077
200,14,0.01,0.1,0.04722945601757741,0.04855123064491483,0.05005964239919687
200,14,0.1,0.0,0.02227578126727304,0.023672021318491263,0.023529924649436915
200,14,0.1,0.1,0.057102540036152984,0.05743475835645737,0.055010405650096315
200,14,1,0.0,0.9988889122780774,1.0819804287734038,0.9910935380230114
200,14,1,0.1,1.0258475377969014,1.062219425779092,0.991959931344001
200,15,0.01,0.0,0.012878240494394944,0.014730275600512105,0.013670494456110899
200,15,0.01,0.1,0.04629685873141408,0.04833965505651872,0.04585076335492776
200,15,0.1,0.0,0.022339875245844455,0.02454632184968549,0.023331695530576197
200,15,0.1,0.1,0.05759143480873885,0.05818700604498931,0.056908496162031245
200,15,1,0.0,0.9862337110510996,1.043691039038235,1.077042041107098
200,15,1,0.1,1.0577204543969465,1.0783328407183344,1.0996798407656634
200,16,0.01,0.0,0.01249340838421347,0.013748114280711848,0.01263192840674949
200,16,0.01,0.1,0.04700759114625696,0.048468021898848426,0.048945603022488814
200,16,0.1,0.0,0.022742753268360335,0.02340042045270991,0.02096389179511477
200,16,0.1,0.1,0.05634025085731548,0.05782892020535998,0.05818615243569734
200,16,1,0.0,1.017821845837001,1.0353212202577158,1.0629290123526027
200,16,1,0.1,1.050736086255397,1.0654461764117067,1.0249361714624545
200,17,0.01,0.0,0.011790334688266093,0.014494215855037481,0.012262728153686994
200,17,0.01,0.1,0.046795444512629125,0.04836049327183808,0.04678057824626678
200,17,0.1,0.0,0.021969919879541625,0.022610899974509758,0.022627157417068135
200,17,0.1,0.1,0.05708084276992455,0.05905682198804392,0.0561839180936921
200,17,1,0.0,1.001545876939637,1.0442530066931517,0.9897358600579167
200,17,1,0.1,1.0265308567940346,1.0735312145507963,0.9878681901269258
200,18,0.01,0.0,0.01098720744196693,0.012038367274836615,0.011477025712617153
200,18,0.01,0.1,0.047665968660297715,0.04783149442261594,0.04925692809889102
200,18,0.1,0.0,0.02128897439224913,0.021583644386968612,0.02037597003616331
200,18,0.1,0.1,0.056702089559916305,0.05863807239874189,0.059071883738108795
200,18,1,0.0,1.0251525678036804,1.0473148909412526,1.0250564819898236
200,18,1,0.1,1.0343784305650103,1.072055730396793,1.0494789988038602
200,19,0.01,0.0,0.010759721202663169,0.011293191844775742,0.010631851382375778
200,19,0.01,0.1,0.04830530801422988,0.04941878698544787,0.04835359271310426
200,19,0.1,0.0,0.020970266993313072,0.02175514014629728,0.020556948754624597
200,19,0.1,0.1,0.057320331847081185,0.05872689422475943,0.06028960992420356
200,19,1,0.0,0.991114845939656,1.0536332254062468,0.9715249768163682
200,19,1,0.1,1.0401597451023412,1.0669777192481587,1.0144043444055122
200,20,0.01,0.0,0.009916500446592133,0.010443213884592083,0.010262591242034923
200,20,0.01,0.1,0.04784005263916281,0.05002278365875369,0.04891592681456181
200,20,0.1,0.0,0.019585903450475235,0.02062961287441968,0.020875565707115868
200,20,0.1,0.1,0.058127971545949654,0.060254040332668325,0.059666842461953765
200,20,1,0.0,0.9937667755768105,1.0416991313289092,1.0180697534328549
200,20,1,0.1,1.0135796787707594,1.080284749725975,1.048740658647198
